"Provider Name","Provider Address",City/Town,State,"ZIP Code","Telephone Number","Number of Certified Beds","Average Number of Residents per Day","Average Number of Residents per Day Footnote",Latitude,Longitude
"Autumn Care Of Biscoe","401 Lambert Road",Biscoe,NC,27209,9104282117,141,99.8,,35.3659,-79.79
"Hillcrest Convalescent Center","1417 W Pettigrew Street",Durham,NC,27705,9192867705,86,78.1,,36.0047,-78.918
"Cypress Pointe Rehabilitation Center","2006 South 16th Street",Wilmington,NC,28401,9107636271,90,80.0,,34.21,-77.926
"Silas Creek Rehabilitation Center","3350 Silas Creek Parkway","Winston Salem",NC,27103,3367650550,90,78.3,,36.0751,-80.299
"PERSON MEMORIAL HOSPITAL","615 RIDGE ROAD",ROXBORO,NC,27573,3365035707,56,46.5,,36.407,-78.985
"Blumenthal Health and Rehabilitation Center","3724 Wireless Drive",Greensboro,NC,27455,8284592977,134,129.7,,36.12,-79.825
"The Citadel at Myers Park, LLC","300 Providence Road",Charlotte,NC,28207,7043341671,133,3.2,,35.2058,-80.824
"Bear Mountain Health and Rehabilitation","500 Beaverdam Road",Asheville,NC,28804,8282548833,77,68.7,,35.642,-82.529
"Pine Acres Center for Nursing and Rehabilitation","279 Brian Center Drive",Lexington,NC,27292,3362497521,106,101.5,,35.8003,-80.288
"Peak Resources - Charlotte","3223 Central Avenue",Charlotte,NC,28205,7047491100,142,123.1,,35.2167,-80.79
"Linden Place Center for Nursing and Rehabilitation","1201 Carolina Street",Greensboro,NC,27401,3365225700,105,87.8,,36.089,-79.79
"Clapp's Convalescent Nursing Home Inc","500 Mountain Top Drive",Asheboro,NC,27203,3366252074,96,88.0,,35.7095,-79.788
"Clapps Nursing Center Inc","5229 Appomattox Road","Pleasant Garden",NC,27313,3366742252,118,105.2,,35.9587,-79.757
"Royal Park Rehabilitation & Health Center","2700 Roal Commons Lane",Matthews,NC,28105,7048496990,169,139.6,,35.1143,-80.694
"Elizabeth City Health and Rehabilitation","1075 US Highway 17 South","Elizabeth City",NC,27909,2523383975,170,146.1,,36.2891,-76.262
"Summerstone Health and Rehabilitation Center","485 Veterans Way",Kernersville,NC,27284,3365153000,138,116.9,,36.1163,-80.092
"Saint Joseph of the Pines Health Center","103 Gossman Road",Pinehurst,NC,28374,9102461000,176,65.7,,35.187,-79.467
"The Foley Center at Chestnut Ridge","621 Chestnut Ridge Parkway","Blowing Rock",NC,28605,8283863300,92,81.0,,36.1499,-81.66
"Mountain Ridge Health and Rehab","611 Old US Highway 70 East","Black Mountain",NC,28711,8286699991,97,83.2,,35.6076,-82.312
"Raleigh Rehabilitation Center","616 Wade Avenue",Raleigh,NC,27605,9198286251,157,140.1,,35.7965,-78.65
"Jacob's Creek Nursing and Rehabilitation Center","1721 Bald Hill Loop",Madison,NC,27025,3365489658,170,148.4,,36.3619,-79.905
"Anson Health and Rehabilitation","405 South Greene Street",Wadesboro,NC,28170,7046953301,95,66.3,,34.9643,-80.077
"Pettigrew Rehabilitation Center","1515 W Pettigrew Street",Durham,NC,27705,9192860751,96,82.9,,36.0055,-78.92
"Woodhaven Nursing Center","1150 Pine Run Drive",Lumberton,NC,28358,9106715703,115,108.2,,34.6586,-78.99
Pruitthealth-Durham,"3100 Erwin Road",Durham,NC,27705,9193831546,125,101.1,,36.0041,-78.95
"Harmony Park at Wilson","1804 Forest Hills Road W",Wilson,NC,27893,2522378161,110,83.2,,35.7198,-77.952
"Davidson Health & Rehab Center","4748 Old Salisbury Road",Lexington,NC,27295,3369561132,100,90.8,,35.785,-80.323
"Durham Nursing & Rehabilitation Center","411 S Lasalle Street",Durham,NC,27705,9193835521,126,79.8,,36.0136,-78.948
"Carolina Rivers Nursing and Rehabilitation Center","1839 Onslow Drive Extension",Jacksonville,NC,28540,9104553610,120,101.2,,34.764,-77.434
"Sunnybrook Rehabilitation Center","25 Sunnybrook Road",Raleigh,NC,27610,9192316150,95,85.4,,35.7863,-78.586
"Highland Farms","200 Tabernacle Road","Black Mountain",NC,28711,8286696473,60,47.7,,35.6121,-82.351
"The Greens at Viewmont","220 13th Avenue Place NW",Hickory,NC,28601,8283285646,104,87.0,,35.7506,-81.342
"Accordius Health at Rose Manor LLC","4230 North Roxboro Street",Durham,NC,27704,9194779805,111,83.8,,36.0486,-78.903
"Hilltop Health and Rehabilitation","188 Oscar Justice Road",Rutherfordton,NC,28139,8282869001,80,76.3,,35.4107,-81.925
"Trinity Glen","849 Waterworks Road",Winston-Salem,NC,27101,3365952166,117,104.6,,36.113,-80.208
"Walnut Cove Health and Rehabilitation","511 Windmill Street","Walnut Cove",NC,27052,3365914353,90,79.0,,36.2984,-80.143
"Westchester Manor at Providence Place","1795 Westchester Drive","High Point",NC,27262,3368842222,129,121.5,,35.9439,-80.034
"Edgewood Place at the Village at Brookwood","1820 Brookwood Avenue",Burlington,NC,27215,3365708400,51,21.3,,36.0935,-79.463
"Willow Valley Center for Nursing and Rehabilitatio","1900 W 1st Street",Winston-Salem,NC,27104,3367242821,230,217.1,,36.0964,-80.273
"Maryfield Nursing Home","1315 Greensboro Road","High Point",NC,27260,3368214000,115,111.0,,35.99,-79.959
"Chatham Nursing & Rehabilitation","700 Johnston Ridge Road",Elkin,NC,28621,3365277600,99,97.1,,36.3157,-80.816
"Huntersville Oaks","12019 Verhoeff Drive",Huntersville,NC,28078,7048631000,168,87.9,,35.3936,-80.841
"Jesse Helms Nursing Center","1411 Dove Street",Monroe,NC,28111,9809933280,70,62.5,,34.9767,-80.524
"Maggie Valley Nursing and Rehabilitation","75 Fisher Loop","Maggie Valley",NC,28751,8289264326,114,102.3,,35.5169,-83.099
"Matthews Health & Rehab Center","600 Fullwood Lane",Matthews,NC,28105,7048414920,166,124.8,,35.1135,-80.732
"Zebulon Rehabilitation Center","509 West Gannon Avenue",Zebulon,NC,27597,9192699621,60,55.9,,35.8207,-78.324
"Trinity Ridge","2140 Medical Park Drive",Hickory,NC,28602,8283226995,120,111.6,,35.6887,-81.36
"Trinity Place","24724 South Business 52",Albemarle,NC,28001,7049828191,76,71.2,,35.3486,-80.184
"Autumn Care of Waynesville","360 Old Balsam Road",Waynesville,NC,28786,8284567381,90,85.7,,35.4599,-83.012
"Penick Village","401 East Rhode Island Avenue","Southern Pines",NC,28387,9106920306,32,23.6,,35.1745,-79.383
"Willow Creek Nursing and Rehabilitation Center","2401 Wayne Memorial Drive",Goldsboro,NC,27534,9197362121,200,148.8,,35.3982,-77.962
"Salisbury Rehabilitation and Nursing Center","635 Statesville Boulevard",Salisbury,NC,28144,7046337390,185,111.0,,35.6892,-80.492
"Piedmont Hills Center for Nursing and Rehab","109 S Holden Road",Greensboro,NC,27407,3365225600,126,117.9,,36.0715,-79.848
"Northchase Nursing and Rehabilitation Center","3015 Enterprise Drive",Wilmington,NC,28405,9107913451,140,125.0,,34.3071,-77.875
"Carolina Village Inc","600 Carolina Village Road SUITE Z",Hendersonville,NC,28792,8286926275,58,44.2,,35.3373,-82.449
PruittHealth-Elkin,"560 Johnson Ridge Road",Elkin,NC,28621,3368357802,100,84.8,,36.2635,-80.833
"Mount Olive Center","228 Smith Chapel Road","Mount Olive",NC,28365,9196589522,150,117.2,,35.1981,-78.076
"White Oak Manor - Tryon","70 Oak Street",Tryon,NC,28782,8288599161,70,65.7,,35.2104,-82.237
"Davie Nursing and Rehabilitation Center","498 Madison Road",Mocksville,NC,27028,3367513535,96,89.0,,35.9181,-80.594
"Accordius Health at Concord","515 Lake Concord Road NE",Concord,NC,28025,7047844494,120,95.4,,35.4444,-80.6
"Cedar Hills Center for Nursing and Rehabilitation","3905 Clemmons Road",Clemmons,NC,27012,3367669158,94,84.5,,36.0189,-80.392
"Greenhaven Health and Rehabilitation Center","801 Greenhaven Drive",Greensboro,NC,27406,3362928371,120,101.4,,36.024,-79.814
"Ridge Valley Center for Nursing and Rehabilitation","1000 College Street",Wilkesboro,NC,28697,3368384141,120,91.0,,36.1416,-81.165
"Pelican Health Randolph LLC","4801 Randolph Road",Charlotte,NC,28211,7043648363,100,78.5,,35.1721,-80.797
"The Lodge at Rocky Mount Health and Rehabilitation","3322 Village Road","Rocky Mount",NC,27804,2524424156,100,81.8,,35.9776,-77.87
"Lenoir Health and Rehabilitation Center","322 Nuway Circle",Lenoir,NC,28645,8287587326,120,115.6,,35.9438,-81.537
"Piedmont Health & Rehab Center","610 West Fisher Street",Salisbury,NC,28145,7046332781,58,42.8,,35.6711,-80.476
"University Place Nursing and Rehabilitation Center","9200 Glenwater Drive",Charlotte,NC,28262,7045490807,207,161.7,,35.317,-80.75
"Siler City Center","900 W Dolphin Street","Siler City",NC,27344,9196633431,150,132.8,,35.7175,-79.472
"Pine Ridge Health and Rehabilitation Center","706 Pineywood Road",Thomasville,NC,27360,3364759116,140,90.7,,35.8953,-80.102
"The Carrolton of Williamston","119 Gatling Street",Williamston,NC,27892,2527921616,154,116.2,,35.7317,-77.114
"Bethany Woods Nursing and Rehabilitation Center","33426 Old Salisbury Road",Albemarle,NC,28002,7049831195,180,100.9,,35.3897,-80.222
"Friends Homes at Guilford","925 New Garden Road",Greensboro,NC,27410,3362928187,69,62.7,,36.0928,-79.89
"Mill Creek Center for Nursing and Rehabilitation","4911 Brian Center Lane",Winston-Salem,NC,27106,3367445674,66,62.9,,36.1598,-80.294
"Kenansville Rehabilitation and Healthcare Center","209 Beasley Street",Kenansville,NC,28349,9102961561,92,81.3,,34.9641,-77.958
"White Oak Manor - Kings Mountain","716 Sipes Street","Kings Mountain",NC,28086,7047398132,154,135.8,,35.2428,-81.356
"Trinity Village","1265 21 Street NE",Hickory,NC,28601,8283282006,104,97.8,,35.7536,-81.325
"Trinity Oaks","820 Klumac Road",Salisbury,NC,28144,7046373784,115,109.1,,35.6457,-80.484
"Alpine Health and Rehabilitation of Asheboro","230 East Presnell Street",Asheboro,NC,27203,3366291447,238,135.4,,35.7146,-79.809
"Harmony Hall Nursing and Rehabilitation Center","312 Warren Avenue",Kinston,NC,28501,2525230082,175,109.3,,35.2723,-77.584
"Lincolnton Rehabilitation Center","1410 East Gaston Street",Lincolnton,NC,28092,7047321138,120,102.0,,35.473,-81.235
"Davis Health Care Center","1011 Porters Neck Road",Wilmington,NC,28411,9106867195,115,97.1,,34.2922,-77.772
"Abernathy Laurels","102 Leonard Avenue",Newton,NC,28658,8284648260,174,162.3,,35.6447,-81.185
"Accordius Health at Gastonia","416 N Highland Street",Gastonia,NC,28052,7048640371,118,89.9,,35.2691,-81.194
"Glenbridge Health And Rehabilitation","211 Milton Brown Heirs Road",Boone,NC,28607,8282646720,134,107.1,,36.1884,-81.633
"Chowan River Nursing and Rehabilitation Center","1341 Paradise Road",Edenton,NC,27932,2524827481,130,67.8,,36.0784,-76.599
"Autumn Care of Marion","1264 Airport Road",Marion,NC,28752,8286526701,110,102.8,,35.7018,-82.019
"Stokes County Nursing Home","1570 NC 8 and 89 Highway",Danbury,NC,27016,3365932831,40,39.6,,36.4165,-80.226
"Yadkin Nursing and Care Center","903 W Main Street",Yadkinville,NC,27055,3366798863,147,111.0,,36.1354,-80.677
"Macgregor Downs Health Center by Harborview","2910 Macgregor Downs Road",Greenville,NC,27834,2527584121,152,136.7,,35.6116,-77.422
"The Greens at Gastonia","969 Cox Road",Gastonia,NC,28054,7048668596,162,101.8,,35.2761,-81.135
"Crystal Bluffs Rehabilitation and Health Care Cent","4010 Bridges Street Extension","Morehead City",NC,28557,2527260031,92,87.3,,34.7255,-76.758
"White Oak Manor-Shelby","401 N Morgan Street",Shelby,NC,28150,7044827326,160,101.7,,35.2962,-81.542
"Meridian Center","707 North Elm Street","High Point",NC,27262,3368850141,199,167.6,,35.9641,-80.013
"Emerald Health & Rehab Center","54 Red Mulberry Way",Lillington,NC,27546,9108148030,96,90.2,,35.3972,-78.813
"Elevate Health and Rehabilitation","91 Victoria Road",Asheville,NC,28801,8282550076,120,97.9,,35.5766,-82.552
"Smithfield Manor Rehabilitation and Healthcare Cen","902 Berkshire Road",Smithfield,NC,27577,9199343171,160,127.5,,35.5176,-78.328
"The Greens at Pinehurst Rehabilitation & Living Ce","205 Rattlesnake Trail",Pinehurst,NC,28374,9102951781,120,92.3,,35.2058,-79.465
"Accordius Health at Mooresville","752 E Center Avenue",Mooresville,NC,28115,7048000570,131,78.8,,35.5784,-80.799
"Wesley Pines Retirement Community","1000 Wesley Pines Road",Lumberton,NC,28358,9107389691,62,60.5,,34.6569,-78.995
"Greenville Health and Rehabilitation Center","2578 West Fifth Street",Greenville,NC,27834,2527587100,120,115.0,,35.6182,-77.413
"Pruitthealth-Crystal Coast","2416 US Highway 70 East",Beaufort,NC,28516,2522250112,104,91.0,,34.7602,-76.527
"Cabarrus Health and Rehabilitation Center","430 Brookwood Avenue NE",Concord,NC,28025,7047884115,120,105.5,,35.4311,-80.58
"Laurel Park Rehabilitation and Healthcare Center","901 Halstead Boulevard","Elizabeth City",NC,27909,2523380137,108,95.6,,36.2881,-76.242
"Premier Living and Rehab Center","106 Cameron Street","Lake Waccamaw",NC,28450,9106463132,127,62.9,,34.3215,-78.518
"Five Oaks Rehabilitation and Care Center","413 Winecoff School Road",Concord,NC,28027,7047882131,160,146.2,,35.4468,-80.621
"Grace Heights Health & Rehabilitation","109 Foothills Drive",Morganton,NC,28655,8285807000,120,96.4,,35.7271,-81.652
"Murphy Rehabilitation & Nursing","230 NC HWY 141",Murphy,NC,28906,8288357580,134,115.8,,35.0673,-84.126
"Surry Community Health Center by Harborview","542 Allred Mill Road","Mount Airy",NC,27030,3367895076,120,109.3,,36.5234,-80.618
"Longleaf Neuro-Medical Treatment Center","4761 Ward Boulevard",Wilson,NC,27893,2523992112,248,87.9,,35.7251,-77.896
"Mountain View Manor Nursing Center","410 Buckner Branch Road","Bryson City",NC,28713,8284882101,120,70.7,,35.4194,-83.468
Glenflora,"5701 Fayetteville Road",Lumberton,NC,28360,9107392821,52,46.8,,34.6888,-79.016
"Edgecombe Health Center by Harborview","1000 Western Boulevard",Tarboro,NC,27886,2528230401,159,138.5,,35.8968,-77.557
"Mountain Vista Health Park","106 Mountain Vista Health Park Road",Denton,NC,27239,3368592181,60,53.8,,35.6176,-80.111
"Willow Ridge Of NC","237 Tryon Road",Rutherfordton,NC,28139,8282867200,150,124.4,,35.3639,-81.97
"Aston Park Health Care Center","380 Brevard Road",Asheville,NC,28806,8282534437,120,106.2,,35.5627,-82.595
"Carol Woods","750 Weaver Dairy Road","Chapel Hill",NC,27514,9199684511,30,22.4,,35.9638,-79.041
"Pelican Health at Charlotte","2616 East 5th Street",Charlotte,NC,28204,7043335165,120,78.6,,35.2058,-80.812
"Capital Nursing and Rehabilitation Center","3000 Holston Lane",Raleigh,NC,27610,9192316045,125,100.1,,35.7858,-78.582
"Life Care Center of Banner Elk","185 Norwood Hollow Road","Banner Elk",NC,28604,8288985136,118,67.2,,36.1349,-81.85
"StoneCreek Health and Rehabilitation","455 Victoria Road",Asheville,NC,28801,8282520099,120,100.8,,35.5661,-82.556
"Westwood Hills Nursing and Rehabilitation Center","1016 Fletcher Street",Wilkesboro,NC,28697,3366679261,176,118.5,,36.1357,-81.164
"Madison Health and Rehabilitation","345 Manor Road","Mars Hill",NC,28754,8286895200,100,88.1,,35.8327,-82.529
"Liberty Commons Nursing and Rehabilitation Center","1402 Pinckney Street",Whiteville,NC,28472,9106424245,107,99.1,,34.3463,-78.702
"Sapphire Ridge Health and Rehabilitation","115 N Country Club Road",Brevard,NC,28712,8288842031,147,102.2,,35.2242,-82.738
"Brookridge Retirement Community","1199 Hayes Forest Drive",Winston-Salem,NC,27106,3367591044,77,57.0,,36.1439,-80.286
"Elizabethtown Healthcare & Rehab Center","208 Mercer Mill Road",Elizabethtown,NC,28337,9108628181,94,83.4,,34.6222,-78.606
"Riverpoint Crest Nursing and Rehabilitation Center","2600 Old Cherry Point Road","New Bern",NC,28563,2526374730,105,81.4,,35.065,-77.016
"Bethesda Health Care Facility","3532 Dunn Road",Eastover,NC,28301,9103233223,85,83.5,,35.0639,-78.832
"Lillington Health and Rehabilitation Center","1995 East Cornelius Harnett Boulevard",Lillington,NC,27546,9109835141,129,126.1,,35.4083,-78.77
"River Trace Nursing and Rehabilitation Center","250 Lovers Lane",Washington,NC,27889,2529751636,140,118.6,,35.5496,-77.039
"Westfield Rehabilitation and Health Center","3100 Tramway Road",Sanford,NC,27330,9197755404,83,78.9,,35.4376,-79.189
"Premier Nursing and Rehabilitation Center","225 White Street",Jacksonville,NC,28546,9103537222,239,133.5,,34.7602,-77.388
"Mary Gran Nursing Center","120 Southwood Drive",Clinton,NC,28329,9105927981,212,108.2,,34.9815,-78.308
"Magnolia Lane Nursing and Rehabilitation Center","107 Magnolia Drive",Morganton,NC,28655,8284378760,121,75.0,,35.7247,-81.693
"The Greens at Weaverville","78 Weaver Boulevard",Weaverville,NC,28787,8286454297,122,90.2,,35.7038,-82.567
"Autumn Care of Drexel","307 Oakland Avenue",Morganton,NC,28655,8284336180,100,89.4,,35.7592,-81.601
"Valley Hill Health & Rehab Center","1510 Hebron Road",Hendersonville,NC,28739,8286938461,150,80.0,,35.3068,-82.476
"Signature Healthcare of Chapel Hill","1602 E Franklin Street","Chapel Hill",NC,27514,9199671418,108,94.8,,35.933,-79.031
"Peak Resources-Outer Banks","430  West Health Center Drive","Nags Head",NC,27959,2524413116,126,97.0,,35.9776,-75.648
"Cypress Valley Center for Nursing and Rehabilitati","543 Maple Avenue",REIDSVILLE,NC,27320,3363421382,110,96.7,,36.352,-79.669
"Ridgewood Living & Rehabilitation Center","1624 Highland Drive",Washington,NC,27889,2529469570,128,114.0,,35.5547,-77.024
"Peak Resources- Shelby","1101 North Morgan Street",Shelby,NC,28150,7044825396,100,72.3,,35.3048,-81.541
"The Greens at Hickory","3031 Tate Boulevard SE",Hickory,NC,28602,8283223343,150,110.4,,35.728,-81.3
"Deer Park Health and Rehabilitation","306 Deer Park Road",Nebo,NC,28761,8286523032,140,125.2,,35.6522,-81.886
"Harborview Lumberton","1555 Willis Avenue",Lumberton,NC,28358,9107396048,122,110.5,,34.629,-78.992
"Twin Lakes Community","3802 Wade Coble Drive",Burlington,NC,27215,3365381400,104,95.1,,36.0814,-79.524
"August Healthcare at Wilmington","820 Wellington Avenue",Wilmington,NC,28401,9103430425,120,87.3,,34.1952,-77.932
"Barbour Court Nursing and Rehabilitation Center","515 Barbour Road",Smithfield,NC,27577,9199346017,165,134.6,,35.5405,-78.359
"White Oak Manor - Charlotte","4009 Craig Avenue",Charlotte,NC,28211,7043652620,180,143.3,,35.1859,-80.783
"Warren Hills Nursing Center","864 US HWY 158 Business West",Warrenton,NC,27589,2522572011,140,89.8,,36.3972,-78.152
"Eden Rehabilitation and Healthcare Center","226 N Oakland Avenue",Eden,NC,27288,3366231750,112,99.6,,36.5074,-79.779
"Accordius Health at Charlotte","5939 Reddman Road",Charlotte,NC,28212,7047036060,116,89.5,,35.2011,-80.751
"Hickory Falls Health and Rehabilitation","100 Sunset Street","Granite Falls",NC,28630,8283962387,120,114.6,,35.8011,-81.447
"Valley Nursing and Rehabilitation Center","581 NC Highway 16 South",Taylorsville,NC,28681,8286328146,183,113.0,,35.8724,-81.213
"UNC Rockingham Rehab & Nursing Care Center","205 East Kings Highway",Eden,NC,27288,3366239711,121,59.8,,36.4937,-79.738
"The Greens at Lincolnton","515 S Generals Boulevard",Lincolnton,NC,28093,7047358065,117,104.6,,35.4573,-81.242
"Warsaw Rehabilitation and Healthcare Center","214 Lanefield Road",Warsaw,NC,28398,9102933144,100,82.3,,34.9936,-78.076
"The Lodge at Mills River","5593 Old Haywood Road","Mills River",NC,28759,8286844857,50,45.2,,35.4263,-82.574
"Monroe Rehabilitation Center","1212 Sunset Drive East",Monroe,NC,28112,7042838548,147,112.3,,34.97,-80.53
"Carolina Care Health and Rehabilitation","111 Harrelson Street",Cherryville,NC,28021,7044354161,107,102.1,,35.3943,-81.393
"Kannapolis Health and Rehabilitation","1810 Concord Lake Road",Kannapolis,NC,28083,7049333781,107,82.6,,35.4644,-80.6
"Rocky Mount Rehabilitation Center","160 S Winstead Avenue","Rocky Mount",NC,27804,2524437666,117,106.0,,35.9606,-77.849
"Lotus Village Center for Nursing and Rehabilitatio","179 Combs Street",Sparta,NC,28675,3363722441,90,72.6,,36.5053,-81.125
"Hertford Rehabilitation and Healthcare Center","1300 Don Juan Road",Hertford,NC,27944,2524265391,78,64.5,,36.2021,-76.493
"Macon Valley Nursing and Rehabilitation Center","3195 Old Murphy Road",Franklin,NC,28734,8285247806,200,81.8,,35.167,-83.434
"Stanley Total Living Center","514 Old Mount Holly Road",Stanley,NC,28164,7042631986,106,85.5,,35.3551,-81.085
"Yanceyville Rehabilitation and Healthcare Center","1086 Main Street North",Yanceyville,NC,27379,3366945916,157,137.4,,36.413,-79.348
"The Carrolton of Plymouth","1084 US 64 East",Plymouth,NC,27962,2527932100,114,72.7,,35.8593,-76.745
"Bladen East Health And Rehab","804 S Poplar Street",Elizabethtown,NC,28337,9108628100,90,65.9,,34.6205,-78.611
"Autumn Care of Marshville","311 W Phifer Street",Marshville,NC,28103,7046246643,110,74.9,,34.991,-80.372
"Autumn Care of Salisbury","1505 Bringle Ferry Road",Salisbury,NC,28146,7046375885,97,88.4,,35.6629,-80.446
"The Greens at Spruce Pines","218 Laurel Creek Court","Spruce Pine",NC,28777,8287657312,127,102.3,,35.9065,-82.088
"Kindred Hospital East Greensboro","2401 South Side Boulevard",Greensboro,NC,27406,3362712800,23,21.4,,36.0493,-79.772
"Asheboro Rehabilitation and Healthcare Center","400 Vision Drive",Asheboro,NC,27203,3366725450,100,94.1,,35.7353,-79.816
"NORTHERN REGIONAL HOSPITAL","830 ROCKFORD STREET","MOUNT AIRY",NC,27030,3367197000,33,31.4,,36.4884,-80.611
"The Carrolton of Nash","7369 Hunter Hill Road","Rocky Mount",NC,27804,2524430867,141,121.3,,35.9853,-77.84
"Autumn Care of Raeford","1206 N Fulton Street",Raeford,NC,28376,9108754280,132,125.2,,34.9921,-79.228
"Stanly Manor","625 Bethany Church Road",Albemarle,NC,28001,9803237373,90,55.6,,35.3438,-80.226
"Cleveland Pines","1404 N Lafayette Street",Shelby,NC,28150,9804871500,120,104.2,,35.3177,-81.538
"The Citadel Mooresville","550 Glenwood Drive",Mooresville,NC,28115,7046647494,130,97.8,,35.5701,-80.808
"The Oaks","901 Bethesda Road",Winston-Salem,NC,27103,3367682211,131,117.8,,36.0777,-80.294
"Orchard Valley Health and Rehabilitation","200 Heritage Circle",Hendersonville,NC,28791,8286935849,134,94.4,,35.3646,-82.491
"Compass Healthcare and Rehab Rowan, LLC","1404 S Salisbury Avenue",Spencer,NC,28159,7046333892,70,63.2,,35.6823,-80.445
"Currituck Health & Rehab Center","3907 Caratoke Highway",Barco,NC,27917,2524570500,100,68.8,,36.3852,-75.975
"Oxford Health and Rehabilitation Center","500 Prospect Avenue",Oxford,NC,27565,9196931531,160,156.0,,36.3272,-78.599
"Grantsbrook Nursing and Rehabilitation Center","290 Keel Road",Grantsboro,NC,28529,2527455005,96,75.3,,35.139,-76.821
"Richmond Pines Healthcare and Rehabilitation Cente","Highway 177 S",Hamlet,NC,28345,9105820021,105,83.1,,34.8995,-79.69
"Autumn Care of Shallotte","237 Mulberry Street",Shallotte,NC,28459,9107548858,100,94.5,,33.9769,-78.389
"Margate Health and Rehab Center","540 Waugh Street",Jefferson,NC,28640,3362465581,210,127.1,,36.4238,-81.456
"Scotia Village - SNF","2200 Elm Drive",Laurinburg,NC,28352,9102772000,58,54.7,,34.736,-79.488
"The Laurels of Pender","311 S Campbell Street",Burgaw,NC,28425,9102596007,98,89.1,,34.5498,-77.92
"White Oak Manor - Burlington","323 Baldwin Road",Burlington,NC,27217,3362295571,160,120.6,,36.1008,-79.42
"Vero Health & Rehab of Sylva","417 Cloverdale Road",Sylva,NC,28779,8286311600,106,83.3,,35.3777,-83.212
"The Laurels Of Greentree Ridge","70 Sweeten Creek Road",Asheville,NC,28803,8282747646,90,84.9,,35.5636,-82.532
"Accordius Health at Midwood, LLC","2727 Shamrock Drive",Charlotte,NC,28205,7045192400,100,65.2,,35.2381,-80.781
"Smoky Ridge Health and Rehabilitation","310 Pensacola Road",Burnsville,NC,28714,8286829759,140,98.8,,35.9099,-82.292
"IREDELL MEMORIAL HOSPITAL INC","557 BROOKDALE DRIVE",STATESVILLE,NC,28677,7048784541,48,100.9,,35.7996,-80.877
"Juniper Gardens Center for Nursing and Rehabilitat","4414 Wilkinson Blvd",Gastonia,NC,28056,7048245550,50,40.5,,35.2561,-81.103
"Liberty Commons Nursing and Rehabilitation Center","101 Caroline Avenue",Weldon,NC,27890,2525364817,50,44.5,,36.4165,-77.607
"Piedmont Crossing","100 Hedrick Drive",Thomasville,NC,27360,3364722017,104,75.9,,35.8435,-80.107
"Roxboro Healthcare & Rehab Center","901 Ridge Road",Roxboro,NC,27573,3365990106,140,97.6,,36.4091,-78.984
"The Greens at Hendersonville","1870 Pisgah Drive",Hendersonville,NC,28791,8286939796,120,102.8,,35.3238,-82.493
"Northampton Nursing and Rehabilitation Center","HWY 305 North",Jackson,NC,27845,2525340131,80,75.1,,36.3827,-77.39
"Fair Haven of Forest City, LLC","830 Bethany Church Road","Forest City",NC,28043,8282452852,100,85.1,,35.3023,-81.894
"The Carrolton of Lumberton","1170 Linkhaw Road",Lumberton,NC,28358,9106711163,90,84.2,,34.6443,-78.988
"Senior Citizens Home","2275 Ruin Creek Road",Henderson,NC,27537,2524920066,60,52.8,,36.3085,-78.456
"Clayton Rehabilitation and Healthcare Center","204 Dairy Road",Clayton,NC,27520,9195538232,90,82.2,,35.6369,-78.471
"Brunswick Cove Nursing Center","1478 River Road",Winnabow,NC,28479,9103719894,175,121.7,,34.1851,-77.989
"Elderberry Health Care","415 Elderberry Lane",Marshall,NC,28753,8282521790,80,73.2,,35.7962,-82.65
"Kerr Lake Nursing and Rehabilitation Center","1245 Park Avenue",Henderson,NC,27536,2524927021,92,68.2,,36.3231,-78.417
"The Laurels of Hendersonville","290 Clear Creek Road",Hendersonville,NC,28792,8286926000,100,91.3,,35.3437,-82.458
"Wallace Rehabilitation and Healthcare Center","647 S East Railroad Street",Wallace,NC,28466,9102859700,80,76.3,,34.7263,-77.993
"The Carrolton of Dunn","711 Susan Tart Road",Dunn,NC,28335,9108928843,100,91.3,,35.3041,-78.628
"Willowbrooke Court SC Ctr at Matthews Glen","740 Pavilion View Drive",Matthews,NC,28105,7048456220,15,8.3,,35.1143,-80.694
"Givens Health Center","600 Barrett Lane",Asheville,NC,28803,8287712900,70,58.5,,35.5042,-82.511
"Hibriten Mountain Nursing and Rehabilitation","2030 Harper Avenue NW",Lenoir,NC,28645,8287543888,100,70.4,,35.9011,-81.563
"The Graybrier Nursing and Retirement Center","116 Lane Drive",Trinity,NC,27370,3364318888,128,103.0,,35.883,-79.945
"Sardis Oaks","5151 Sardis Road",Charlotte,NC,28270,7043654202,124,90.7,,35.1579,-80.791
"Wilson Healthcare and Rehabilitation Center","2501 Downing St SW",Wilson,NC,27893,2522376300,81,93.3,,35.7108,-77.941
"Abbotts Creek Center","877 Hill Everhart Road",Lexington,NC,27295,3362486644,64,59.6,,35.8515,-80.227
"Franklin Oaks Nursing and Rehabilitation Center","1704 NC Highway 39 N",Louisburg,NC,27549,9194967222,166,138.3,,36.0898,-78.3
"Signature Healthcare of Roanoke Rapids","305 East Fourteenth Street","Roanoke Rapids",NC,27870,2525376181,108,75.3,,36.4482,-77.657
"Peak Resources - Alamance, Inc","215 College Street",Graham,NC,27253,3362288394,142,132.3,,36.0763,-79.405
"Windsor Rehabilitation and Healthcare Center","1306 South King Street",Windsor,NC,27983,2527945146,82,64.3,,35.9895,-76.93
"The Greens at Maple Leaf","1101 Maple Care Lane",Statesville,NC,28625,7048710705,94,85.6,,35.8112,-80.844
"Silver Bluff","100 Silver Bluff Drive",Canton,NC,28716,8286482044,131,120.7,,35.4825,-82.879
"Big Elm Retirement and Nursing Centers","1285 West A Street",Kannapolis,NC,28081,7049320000,50,46.8,,35.513,-80.632
"Goldsboro Rehabilitation and Healthcare Center","1700 Wayne Memorial Drive",Goldsboro,NC,27534,9197312805,130,128.3,,35.3939,-77.973
"Camellia Gardens Center for Nursing and Rehab","280 South Beckford Drive",Henderson,NC,27536,2524386141,78,62.2,,36.3372,-78.417
"Accordius Health at Monroe","204 Old Highway 74 East",Monroe,NC,28112,7048000601,60,53.3,,34.9762,-80.495
"Whispering Pines Nursing & Rehab Center","523 Country Club Drive",Fayetteville,NC,28301,9104880711,86,71.5,,35.1042,-78.887
"Woodbury Wellness Center Inc","2778 Country Club Drive",Hampstead,NC,28443,9102701443,112,104.2,,34.3974,-77.645
"Courtland Terrace","2300 Aberdeen Boulevard",Gastonia,NC,28054,7048344800,77,71.9,,35.2685,-81.139
"Autumn Care of Saluda","501 Esseola Circle",Saluda,NC,28773,8287492261,99,88.7,,35.2437,-82.347
"Highland House Rehabilitation and Healthcare","1700 Pamalee Drive",Fayetteville,NC,28301,9104882295,106,86.1,,35.0903,-78.921
"Piney Grove Nursing and Rehabilitation Center","728 Piney Grove Road",Kernersville,NC,27284,3369964038,92,86.2,,36.1356,-80.071
"Graham Healthcare and Rehabilitation Center","811 Snowbird Road",Robbinsville,NC,28771,8284798421,80,54.0,,35.3115,-83.816
"Rich Square Nursing & Rehabilitation Center","300 North Main Street","Rich Square",NC,27869,2525394161,69,53.3,,36.2775,-77.281
PruittHealth-Neuse,"1303 Health Drive","New Bern",NC,28560,2526342560,110,87.1,,35.1139,-77.069
"Louisburg Healthcare & Rehabilitation Center","202 Smoketree Way",Louisburg,NC,27549,9194962188,92,88.6,,36.1137,-78.3
"Ahoskie Health and Rehabilitation Center","604 Stokes Street East",Ahoskie,NC,27910,2523322126,151,115.6,,36.2777,-76.984
"The Greens at Cabarrus","250 Bishop Lane",Concord,NC,28025,7047886400,90,81.7,,35.4533,-80.604
"Compass Healthcare and Rehab Hawfields, Inc.","2502 S NC 119",Mebane,NC,27302,3365784701,117,83.0,,36.0899,-79.286
"Signature Healthcare of Kinston","907 Cunningham Road",Kinston,NC,28501,2525275146,106,86.8,,35.2929,-77.563
"Greendale Forest Nursing and Rehabilitation Center","1304 SE Second Street","Snow Hill",NC,28580,2527478126,115,100.9,,35.4356,-77.66
"Liberty Healthcare Services of Golden Years Nursin","7348 North West Street",Falcon,NC,28342,9109801271,58,50.7,,35.1945,-78.648
"Rex Rehab & Nursing Care Center","4210 Lake Boone Trail",Raleigh,NC,27607,9197846600,120,98.0,,35.8155,-78.701
"Pinehurst Healthcare & Rehabilitation Center","300 Blake Boulevard",Pinehurst,NC,28374,9102956158,144,121.6,,35.1708,-79.465
PruittHealth-Trent,"836 Hospital Drive","New Bern",NC,28560,2526386001,116,99.6,,35.1126,-77.066
"Wilson Pines Nursing and Rehabilitation Center","403 Crestview Avenue",Wilson,NC,27893,2522370724,108,96.6,,35.7159,-77.943
"Liberty Commons Nursing & Rehab Center of Southpor","630 Fodale Avenue",Southport,NC,28461,9104579581,99,67.5,,33.9299,-78.02
"Scotland Manor Health and Rehabilitation Center","920 Jr High School Road","Scotland Neck",NC,27874,2528265146,62,49.7,,36.1269,-77.426
"The Carrolton of Fayetteville","2461 Legion Road",Fayetteville,NC,28306,9104249417,120,117.1,,35.013,-78.908
"East Carolina Health and Rehabilitation Center","2575 W 5th Street",Greenville,NC,27834,2528309100,130,69.9,,35.6197,-77.415
PruittHealth-Rockingham,"804 South Long Drive",Rockingham,NC,28379,9109974493,120,77.6,,34.9316,-79.751
"Village Green Health and Rehabilitation","1601 Purdue Drive",Fayetteville,NC,28304,9104865000,170,114.7,,35.0417,-78.924
"Village Care of King","440 Ingram Road",King,NC,27021,3369834900,96,92.2,,36.2676,-80.372
"Scottish Pines Rehabilitation and Nursing Center","620 Johns Road",Laurinburg,NC,28352,9103614000,149,121.9,,34.7605,-79.466
PruittHealth-Farmville,"4351 South Main Street",Farmville,NC,27828,2527535547,56,50.7,,35.5784,-77.594
"Cardinal Healthcare and Rehabilitation","931 N Aspen Street",Lincolnton,NC,28092,7047327055,63,59.4,,35.481,-81.258
"WILKES REGIONAL MEDICAL CTR SN","1370 WEST D STREET","NORTH WILKESBORO",NC,28659,3366518100,10,7.5,,36.1583,-81.158
"Crown Haven Health and Rehabilitation","620 Tom Hunter Road",Charlotte,NC,28213,7045985136,120,84.7,,35.2789,-80.774
"The Laurels of Forest Glenn","1101 Hartwell Street",Garner,NC,27529,9197728888,120,105.5,,35.7072,-78.624
Countryside,"7700 US Highway 158",Stokesdale,NC,27357,3366436301,60,52.3,,36.2342,-79.963
"Heartland Living & Rehab at the Moses H Cone Memor","1131 North Church Street",Greensboro,NC,27401,3363585100,107,94.0,,36.0914,-79.784
"Wadesboro Health & Rehab Center","2051 Country Club Road",Wadesboro,NC,28170,7046944106,66,58.5,,34.9438,-80.052
"Pisgah Manor Health Care Center","104 Holcombe Cove Road",Candler,NC,28715,8286679851,118,101.6,,35.5707,-82.674
"Brook Stone Living Center","8990 Highway 17 South",Pollocksville,NC,28573,2522240112,80,60.0,,35,-77.224
"Peak Resources-Cherryville","7615 Dallas Cherryville Highway",Cherryville,NC,28021,7044356029,70,65.4,,35.3862,-81.349
"Smoky Mountain Health and Rehabilitation Center","1349 Crabtree Road",Waynesville,NC,28785,8284549260,50,46.6,,35.5409,-82.956
"Shoreland Health Care and Retirement Center Inc","200 Flower-Pridgen Drive",Whiteville,NC,28472,9106424300,89,85.5,,34.3343,-78.703
"Skyland Care Center","193 Asheville Highway",Sylva,NC,28779,8285868935,94,88.1,,35.3768,-83.213
"Wilkesboro Health and Rehabilitation","204 Old Brickyard Road","North Wilkesboro",NC,28659,3366672020,111,99.8,,36.1561,-81.174
"Highfield Nursing and Rehabilitation","6590 Tryon Road",Cary,NC,27518,9198518000,120,94.0,,35.7427,-78.766
"Three Rivers Health and Rehabilitation Center","1403 Conner Drive",Windsor,NC,27983,2527944441,60,50.1,,35.9878,-76.929
"Charlotte Health & Rehabilitation Center","1735 Toddville Road",Charlotte,NC,28214,7043944001,90,89.0,,35.2616,-80.923
"Gates Health and Rehabilitation Center","38 Carters Road",Gatesville,NC,27938,2523572124,70,51.5,,36.3896,-76.739
"Southpoint Rehabilitation and Healthcare Center","6000 Fayetteville Road",Durham,NC,27713,9195449021,140,123.9,,35.9174,-78.931
"Pembroke Center","310 E Wardell Drive",Pembroke,NC,28372,9105211273,84,74.0,,34.6851,-79.183
"Central Continuing Care","1287 Newsome Street","Mount Airy",NC,27030,3367862133,120,83.2,,36.4818,-80.603
"Skyland Terrace and Rehabilitation","516 Wall Street",Waynesville,NC,28786,8284523154,90,82.9,,35.4936,-82.982
"Brantwood Nh & Retirement Center","1038 College Street",Oxford,NC,27565,9196903334,80,66.4,,36.3261,-78.595
"Fleshers Fairview Health Care","3016 Cane Creek Road",Fairview,NC,28730,8286282800,106,53.6,,35.5066,-82.417
"Haymount Rehabilitation & Nursing Center, Inc.","2346 Barrington Circle",Fayetteville,NC,28303,9106890150,98,91.1,,35.0709,-78.92
"Pineville Rehabilitation and Living Center","1010 Lakeview Drive",Pineville,NC,28134,7048892273,106,93.0,,35.079,-80.897
"Bermuda Village Retirement Center","142 Bermuda Village Drive","Bermuda Run",NC,27006,3369986112,36,35.3,,35.9965,-80.431
"Hillside Nursing Center of Wake Forest","968 East Wait Avenue","Wake Forest",NC,27588,9195564082,130,111.3,,35.9749,-78.499
"Swannanoa Valley Health and Rehabilitation","1984 US Highway 70",Swannanoa,NC,28778,8282982214,106,102.8,,35.5919,-82.441
"Lexington Health Care Center","17 Cornelia Drive",Lexington,NC,27292,3362421349,100,97.1,,35.8175,-80.241
"Alamance Health Care Center","1987 Hilton Road",Burlington,NC,27217,3362260848,180,174.2,,36.0997,-79.403
"The Laurels of Chatham","72 Chatham Business Park",Pittsboro,NC,27312,9195426677,140,122.1,,35.719,-79.162
"Wilson Rehabilitation and Nursing Center","1705 South Tarboro Street",Wilson,NC,27893,2523998998,90,71.7,,35.7205,-77.91
"Fair Haven Home Inc","149 Fair Haven Drive",Bostic,NC,28018,8282459095,30,27.8,,35.3379,-81.807
"Valley View Care and Rehabilitation","551 Kent Street",Andrews,NC,28901,8283213075,76,55.5,,35.1958,-83.839
"The Laurels of Salisbury","215 Lash Drive",Salisbury,NC,28147,7046371182,80,55.9,,35.6941,-80.523
"Peak Resources - Pinelake","801 Pinehurst Avenue",Carthage,NC,28327,9109475155,108,89.0,,35.3327,-79.416
"Bryan Health and Rehab","921 Junior High School Road","Scotland Neck",NC,27874,2528264144,60,48.0,,36.1303,-77.421
"River Bend Health and Rehabilitation","213 Richmond Hill Drive",Asheville,NC,28806,8282549675,100,73.7,,35.6133,-82.584
"Clay County Health and Rehabilitation","86 Valley Hideaway Drive",Hayesville,NC,28904,8283899941,90,76.4,,35.0423,-83.809
"Carver Living Center","303 East Carver Street",Durham,NC,27704,9194713558,232,178.9,,36.0414,-78.895
"Wellington Rehabilitation and Healthcare","1000 Tandal Place",Knightdale,NC,27545,9192667744,80,68.2,,35.7877,-78.483
"Eckerd Living Center","250 Hospital Drive",Highlands,NC,28741,8285261315,80,46.7,,35.0865,-83.185
"The Laurels of Summit Ridge","100 Riceville Road",Asheville,NC,28805,8282991110,68,61.1,,35.5903,-82.486
"Peak Resources - Brookshire, Inc","300 Meadowlands Drive",Hillsborough,NC,27278,9196446714,80,74.6,,36.0746,-79.078
"Gastonia Health & Rehab Center","1770 Oak Hollow Road",Gastonia,NC,28054,7048538175,60,55.4,,35.2873,-81.158
"Forrest Oakes Healthcare","620 Heathwood Drive",Albemarle,NC,28001,7049832686,60,51.3,,35.3546,-80.16
"Oak Forest Health and Rehabilitation","5680 Windy Hill Drive","Winston Salem",NC,27105,3367765000,170,156.6,,36.1955,-80.261
Glenaire,"4000 Glenaire Circle",Cary,NC,27511,9194608095,71,64.6,,35.7754,-78.785
"College Pines Health and Rehabilitation","95 Locust Street","Connelly Springs",NC,28612,8285806800,100,98.3,,35.7457,-81.52
"Emerald Ridge Health and Rehabilitation","25 Reynolds Mountain Boulevard",Asheville,NC,28804,8286456619,100,88.1,,35.646,-82.579
"Maple Grove Health and Rehabilitation Center","308 West Meadowview Road",Greensboro,NC,27406,3362300534,210,99.8,,36.0394,-79.797
"Universal Health Care/King","115 White Road",King,NC,27021,3369836505,96,88.4,,36.285,-80.371
"Westwood Health and Rehabilitation","625 Ashland Street",Archdale,NC,27263,3364342902,68,63.1,,35.9175,-79.957
"Belaire Health Care Center","2065 Lyon Street",Gastonia,NC,28052,7048677300,80,73.4,,35.2332,-81.205
"Treyburn Rehabilitation Center","2059 Torredge Road",Durham,NC,27712,9194774474,132,96.8,,36.0983,-78.868
"Willowbrooke Court SC Ctr at Tryon Estates","619 Laurel Lake Drive",Columbus,NC,28722,8288945500,16,8.8,,35.2356,-82.201
"Guilford Health Care Center","2041 Willow Road",Greensboro,NC,27406,3362729700,110,104.9,,36.0403,-79.762
"The Oaks-Brevard","300 Morris Road",Brevard,NC,28712,8288774020,110,79.0,,35.2617,-82.712
"Life Care Center of Hendersonville","400 Thompson Street",Hendersonville,NC,28792,8286974348,80,64.6,,35.3414,-82.447
"Oak Grove Healthcare","518 Old US 221 Highway",Rutherfordton,NC,28139,8282877655,60,53.2,,35.3782,-81.978
"Bayview Nursing & Rehabilitation Center","3003 Kensington Park Drive","New Bern",NC,28560,2526381818,60,56.4,,35.1406,-77.102
"Willowbrook Rehabilitation and Care","333 East Lee Street",Yadkinville,NC,27055,3366798028,76,68.6,,36.1255,-80.655
"NOVANT HEALTH PRESBYTERIAN MEDICAL CENTER-SNU","200 HAWTHORNE LANE",CHARLOTTE,NC,28207,7043844000,12,10.8,,35.2129,-80.826
"Liberty Commons Rehabilitation Center","121 Racine Drive",Wilmington,NC,28403,9104524070,82,78.8,,34.2423,-77.862
"Mecklenburg Heath and Rehabilitation","2415 Sandy Porter Road",Charlotte,NC,28273,7045830430,100,91.3,,35.1361,-80.941
"Southwood Nursing and Retirement","180 Southwood Drive",Clinton,NC,28328,9105928165,100,85.0,,34.9809,-78.308
"Wilora Lake Healthcare","6001 Wilora Lake Road",Charlotte,NC,28212,7045632922,70,62.0,,35.2106,-80.747
"Tsali Care Center","267 Tsali Care Way",Cherokee,NC,28719,8284975048,72,69.9,,35.4745,-83.341
"Biltmore Haven Nursing and Rehabilitation","3864 Sweeten Creek Road",Arden,NC,28704,8286810904,100,76.7,,35.4684,-82.514
"Harnett Woods Nursing and Rehabilitation Center","604 Lucas Road",Dunn,NC,28334,9108914600,100,87.8,,35.3137,-78.649
Salemtowne,"1550 Babcock Drive",Winston-Salem,NC,27106,3367678130,100,93.2,,36.1496,-80.323
"Woodlands Nursing & Rehabilitation Center","400 Pelt Drive",Fayetteville,NC,28301,9108220515,80,75.3,,35.0879,-78.913
"Brookdale Carriage Club Providence","5804 Old Providence Road",Charlotte,NC,28226,7043658551,14,5.8,,35.1344,-80.785
"Shaire Nursing Center","1450 Shaire Center Drive",Lenoir,NC,28645,8287284673,60,50.8,,35.8558,-81.535
"TRANSYLVANIA REGIONAL HOSPITAL","260 HOSPITAL DRIVE",BREVARD,NC,28712,8288835156,10,6.3,,35.2564,-82.712
"Cherry Point Bay Nursing and Rehabilitation Center","110 McC0tter Boulevard",Havelock,NC,28532,2524444631,70,63.1,,34.893,-76.901
"Rockwell Park Rehabilitation and Healthcare Center","1930 West Sugar Creek Road",Charlotte,NC,28262,7045984480,120,96.4,,35.2896,-80.796
"Ayden Court Nursing and Rehabilitation Center","128 Snow Hill Road",Ayden,NC,28513,2527468223,82,75.3,,35.4663,-77.435
"Croatan Ridge Nursing and Rehabilitation Center","210 Foxhall Road",Newport,NC,28570,2522232560,64,58.8,,34.7998,-76.872
"Hendersonville Health and Rehabilitation","104 College Drive","Flat Rock",NC,28731,8286938600,130,101.9,,35.304,-82.416
"Peak Resources - Gastonia","2780 X-Ray Drive",Gastonia,NC,28054,7048610981,104,89.4,,35.2778,-81.14
"The Stewart Health Center","6920 Marching Duck Drive",Charlotte,NC,28210,7047145555,65,58.6,,35.1373,-80.851
"Liberty Commons Nursing & Rehabilitation Center of","791 Boone Station Drive",Burlington,NC,27215,3365869850,122,112.9,,36.0724,-79.503
"Litchford Falls Health and Rehabilitation Center","8200 Litchford Road",Raleigh,NC,27615,9198787772,90,86.2,,35.8901,-78.603
"Windsor Point Continuing Care","1221 Broad Street",Fuquay-Varina,NC,27526,9195524580,45,24.0,,35.6001,-78.802
"Croasdaile Village","2600 Croasdaile Farm Parkway",Durham,NC,27705,9193842304,102,82.4,,36.041,-78.943
"Lake Park Nursing and Rehabilitation Center","3315 Faith Church Road","Indian Trail",NC,28079,7048823420,120,100.6,,35.0762,-80.636
"Liberty Commons Nsg and Rehab Ctr of Rowan County","4412 South Main Street",Salisbury,NC,28147,7046373040,90,83.0,,35.6244,-80.528
"Carolina Rehab Center of Cumberland","4600 Cumberland Road",Fayetteville,NC,28306,9104291690,136,131.8,,35.0078,-78.962
"Whitestone a Masonic and Eastern Star Community","700 South Holden Road",Greensboro,NC,27407,3362990031,60,52.3,,36.0643,-79.848
"Autumn Care of Myrtle Grove","5725 Carolina Beach Road",Wilmington,NC,28412,9107921455,90,82.5,,34.1304,-77.897
"UNC Rex Rehab & Nursing Care Center of Apex","911 South Hughes Street",Apex,NC,27502,9193636011,107,85.7,,35.7175,-78.848
"Dahlia Gardens Center for Nursing and Rehabilitati","915 Pee Dee Road",Aberdeen,NC,28315,9109448999,90,87.9,,35.1295,-79.414
"Tarboro Health and Rehabilitation","911 Western Boulevard",Tarboro,NC,27886,2528232041,118,88.0,,35.8955,-77.556
"Autumn Care of Statesville","2001 Vanhaven Drive",Statesville,NC,28625,7048839700,103,98.9,,35.7943,-80.851
"Cypress Glen Retirement Community","1000 Hickory Street",Greenville,NC,27858,2528300036,6,2.5,,35.6068,-77.349
"Tower Nursing and Rehabilitation Center","3609 Bond Street",Raleigh,NC,27604,9192318113,180,80.0,,35.8027,-78.582
"Autumn Care of Nash","1210 Eastern Avenue",Nashville,NC,27856,2524620070,60,55.9,,35.9707,-77.932
"PruittHealth-Town Center","6300 Roberta Road",Harrisburg,NC,28075,7044555553,70,65.4,,35.3295,-80.647
"Conover Nursing And Rehabilitation Center","920 4th Street Southwest",Conover,NC,28613,8286958282,90,75.1,,35.7038,-81.232
"Inn at Quail Haven Village","155 Blake Boulevard",Pinehurst,NC,28374,9102952294,35,45.4,,35.1708,-79.466
"Liberty Commons Nursing & Rehabilitation Center of","2315 Highway 242 North",Benson,NC,27504,9192071717,100,97.2,,35.4033,-78.541
"Magnolia Gardens Center for Nursing and Rehabilita","1028 Blair Street",Thomasville,NC,27360,3364727771,120,99.5,,35.8901,-80.063
"Fletcher Rehabilitation and Healthcare Center","86 Old Airport Road",Fletcher,NC,28732,8286549060,90,73.4,,35.4415,-82.5
"Ramseur Rehabilitation and Healthcare Center","7166 Jordon Road",Ramseur,NC,27316,3368248828,90,81.6,,35.7031,-79.624
"The Gardens of Taylor Glen Retirement Community","3700 Taylor Glen Lane",Concord,NC,28027,7047886510,24,2.4,,35.4118,-80.647
"Carolina Rehab Center of Burke","3647 Miller Bridge Road","Connelly Spring",NC,28612,8283973144,90,81.9,,35.7118,-81.47
"River Landing at Sandy Ridge","1575 John Knox Drive",Colfax,NC,27235,3366684900,60,53.8,,36.0639,-80.014
"Universal Health Care/North Raleigh","5201 Clarks Fork Drive NW",Raleigh,NC,27616,9198727033,132,117.8,,35.8897,-78.556
"Penn Nursing Center","618-A S Main Street",Reidsville,NC,27320,3369516090,82,71.2,,36.3545,-79.666
"NC State Veterans Home - Salisbury","1601 Brenner Ave., Building #10",Salisbury,NC,28145,7046384200,99,84.5,,35.6613,-80.447
"Liberty Commons Nursing and Rehabilitation Center","310 Commerce Drive",Sanford,NC,27332,9194992206,80,77.3,,35.4213,-79.125
"The Cedars of Chapel Hill","101 Green Cedar Lane","Chapel Hill",NC,27517,9192597903,12,8.7,,35.909,-79.008
"Sanford Health & Rehabilitation Co","2702 Farrell Road",Sanford,NC,27330,9197769602,131,106.1,,35.5686,-79.125
"Adams Farm Living & Rehabilitation","5100 Mackay Road",Jamestown,NC,27282,3368555596,120,103.0,,36.0158,-79.898
"Peak Resources-Wilmington, Inc","2305 Silver Stream Lane",Wilmington,NC,28401,9103623621,110,90.8,,34.1973,-77.933
PruittHealth-Raleigh,"2420 Lake Wheeler Road",Raleigh,NC,27603,9197550226,150,139.9,,35.7474,-78.674
"The Arbor","300 Clynelish Close",Pittsboro,NC,27312,9195452690,16,11.3,,35.7929,-79.097
"Lakeside Health & Rehab Center","13825 Hunton Lane",Huntersville,NC,28078,7048972700,114,106.0,,35.4192,-80.868
"The Forest At Duke Inc","2701 Pickett Road",Durham,NC,27705,9194908000,4,3.4,,35.975,-78.949
"Bermuda Commons Nursing and Rehabilitation Center","316 NC Highway 801 South",Advance,NC,27006,3369980240,117,109.2,,36.0104,-80.447
"Asbury Health and Rehabilitation Center","3211 Bishops Way Lane",Charlotte,NC,28215,7045327000,120,104.1,,35.2329,-80.769
"The Rosewood Health Center","8710 Cypress Club Drive",Raleigh,NC,27615,9198709007,57,44.8,,35.8979,-78.66
"Camden Health and Rehabilitation","1 Marithe Court",Greensboro,NC,27407,3368529700,135,122.8,,36.0511,-79.883
"Ashton Health and Rehabilitation","5533 Burlington Road",McLeansville,NC,27301,3366980045,134,120.4,,36.0848,-79.667
"Brunswick Rehabilitation and Healthcare Center","1070 Old Ocean Highway",Bolivia,NC,28422,9107555955,90,80.0,,34.0372,-78.239
"White Oak of Waxhaw","700 Howie Mine Road",Waxhaw,NC,28173,7042437640,100,90.4,,34.9265,-80.735
"PruittHealth-Carolina Point","5935 Mount Sinai Road",Durham,NC,27705,9194022450,138,104.1,,35.9903,-78.995
"The Shannon Gray Rehabilitation & Recovery Center","2005 Shannon Gray Court",Jamestown,NC,27282,3363074729,150,99.3,,35.9891,-79.951
"Autumn Care of Fayetteville","1401 71st School Road",Fayetteville,NC,28314,9108674960,90,85.7,,35.0458,-79.008
"Trinity Grove","631 Junction Creek Drive",Wilmington,NC,28412,9104423000,100,93.1,,34.1434,-77.891
"Hillcrest Raleigh at Crabtree Valley","3830 Blue Ridge Road",Raleigh,NC,27612,9197814900,134,95.8,,35.8321,-78.682
"Deerfield Episcopal Retirement","1617  Hendersonville Road",Asheville,NC,28803,8282741531,62,61.2,,35.5106,-82.526
"Azalea Health & Rehab Center","3800 Independence Boulevard",Wilmington,NC,28412,9103923110,80,70.7,,34.1784,-77.922
"NC State Veterans Home - Black Mountain","62 Lake Eden Road","Black Mountain",NC,28711,8282576800,100,75.9,,35.6177,-82.371
"Homestead Hills","2101 Homestead Hills Drive",Winston-Salem,NC,27103,3366590386,40,28.0,,36.0572,-80.304
"NC State Veterans Home-Kinston","2150 Hull Road",Kinston,NC,28504,2529398000,100,93.9,,35.2847,-77.623
"Universal Health Care/Fuquay-Varina","410 S Judd Parkway SE","Fuquay Varina",NC,27526,9195770421,100,95.9,,35.589,-78.78
"Clear Creek Nursing & Rehabilitation Center","10506 Clear Creek Commerce Drive","Mint Hill",NC,28227,7045452377,120,111.3,,35.2133,-80.638
"Pavilion Health Center at Brightmore","10011 Providence Road West",Charlotte,NC,28277,9802458500,108,96.3,,35.0374,-80.831
"Sharon Towers","5100 Sharon Road",Charlotte,NC,28210,7045531670,19,5.9,,35.143,-80.834
"Trinity Elms","7449 Fair Oaks Drive",Clemmons,NC,27012,3367471153,100,85.7,,36.0246,-80.406
"PruittHealth-Union Pointe","3510 West Highway 74",Monroe,NC,28110,7042918500,90,80.4,,35.0303,-80.543
"Autumn Care of Cornelius","19530 Mount Zion Parkway",Cornelius,NC,28031,7049972970,102,96.0,,35.4732,-80.851
"Davis Health and Wellness Center at Cambridge Vill","83 Cavalier Drive STE 200",Wilmington,NC,28405,9106798300,20,17.1,,34.2817,-77.825
"Springbrook Nursing and Rehabilitation Center","195 Springbrook Avenue",Clayton,NC,27520,9195507200,100,94.3,,35.6363,-78.445
"Huntersville Health & Rehabilitation Center","13835 Boren Street",Huntersville,NC,28078,7049122222,90,87.1,,35.4022,-80.866
"Bradley Creek Health Center","740 Diamond Shoals Road",Wilmington,NC,28403,9107697550,30,28.3,,34.2369,-77.854
"The Cardinal at North Hills","311 Garden at North Hills Street",Raleigh,NC,27609,9842048444,15,12.5,,35.8353,-78.635
"Arbor Acres United Methodist Retirement Community","1250 Arbor Road","Winston Salem",NC,27104,3367247921,6,7.9,,36.1067,-80.279
"Bellarose Nursing And Rehab","200 Bellarose Lake Way",Garner,NC,27529,9199858400,100,88.5,,35.6702,-78.602
"Brunswick Health & Rehab Center","9600 NO 5 School Road",Ash,NC,28420,9102876007,100,93.0,,34.056,-78.518
"Parkview Health and Rehabilitation Center","1716 Legion Road","Chapel Hill",NC,27517,9842343600,108,95.8,,35.9428,-79.009
"Swift Creek Health Center","221 Brightmore Drive",Cary,NC,27511,9842003688,3,2.5,,35.7589,-78.781
"Briar Creek Health Center","6041 Piedmont Row Drive",Charlotte,NC,28210,9802248540,6,3.3,,35.1514,-80.84
"North Carolina State Veterans Home Kernersville","1795 Kernersville Medical Parkway",Kernersville,NC,27284,7432093042,120,17.0,,36.1163,-80.092
"Black Mountain Neuro-Medical Treatment Center","932 Old US Highway 70","Black Mountain",NC,28711,8282596700,163,74.3,,35.6076,-82.312
"O'Berry Neuro-Medical Treatment Center","400 Old Smithfield Road",Goldsboro,NC,27533,9195814001,144,119.1,,35.3994,-78.037
